김치찌개,https://pixabay.com/get/gcf7bb128ee1258bce4af67eebf9fb8abb8b6ba0e66847ed0d877938bad9ba6aafd6f635f40929ddea199eabd4bc267e5653a12b8608a66ea0576c338d55e6f53_1280.png
부대찌개,https://pixabay.com/get/gdec009791f2a915fba13a09ea522226f46ff49ffa3018417f7323e554fc2d1b1ddceb6a21ce1585731d900c07f0b1de365b5e0290bf1ce16bb0404e8f0accff1_1280.jpg
된장찌개,https://pixabay.com/get/g3ddf1ecfc3a61aaf9d4966dcae23ec3495cfb0dcddc8824eaa2f8d7ff6025335b7f352317fb1623ff17d83d88c12bf30f0d37fd2340e3e6c368f1107c84229c1_1280.jpg
순대국밥,
돈까스,https://pixabay.com/get/g307447776c4a04b38f00cc4d93bf308443ae5d0e0cf8f6c1add5541d365e2ba5704632aac4ac0731d1f8a5c71b21edf349b575fefe901d27ea19a8cc2af3fc7e_1280.jpg
짜장면,https://pixabay.com/get/ge4f2da698422cf313e946bbf77dc499820ec7467589e2ead0bc808a518a76f7cf0439f94b295842a5e1bd25ea5789c9269d7d1470b30bda31a7c985c9a9f400e_1280.jpg
김밥,https://pixabay.com/get/g7903a79279255e1c87f7351a849abfeed46445d2f41c4876cbc9124fffbaa06335f3575f1fdcd5b83a77900b205e789ace47e90b8b1559c2f549d68b15af12c9_1280.jpg
떡볶이,https://pixabay.com/get/gc64f660af12bd32825285e9ab80aa65bc518180dd1f17dfa20bcabc63c6a56a7a6d9bb68147656c16ef31954c4c20fc9b7759d4d626c933edcc68610ad29d517_1280.jpg
순두부찌개,
짬뽕,https://pixabay.com/get/ga311f1b1df9d33674faabb939b60dd30c6cb44892f629d4211f5945cf5c2ab5447c1a0e6d2769dc0108682ec579fe8684ede058c9ef2df728fe4ddcd3e07fb5a_1280.jpg
콩나물국밥,https://pixabay.com/get/gecdb8a3b00eb9dddff167a94d39a3238c03b08d8b290753f7fddfe12c59c8010121835122ecc7b892ffc156aa163273ab9785b4959ffb539dd43cae077ef43d0_1280.jpg
토마토파스타,
간장새우덮밥,
초밥,https://pixabay.com/get/ga357572787ba542752d5ab6ed1d215a0d30314d8da8c0ca0aaaf2b6112e3db0541d27aee9bd5f2e12e7501d6cd13023f396fbb657a19d0928d1b4b484e5c715a_1280.jpg
꼬막비빔밥,
햄버거,https://pixabay.com/get/ga8436dbc644211efebc1e9666c360d163237943a7976951309bfbeac23f16b42d72a0f987ae7b7c5b6579f341fe3477cdcaf572a5b78540856bebc12b7737271_1280.jpg
